{"version": "3.0.0a7", "architecture": "pynini", "train_date": "2023-10-23 11:55:49.592949", "phones": ["0", "1", "2", "3", "4", "5", "AA_vn", "AE1", "AO1", "AW_vn", "B", "CH_vn", "D", "EE_vn", "EH1", "F", "G_vn", "HH", "IE_vn", "IY1", "IZ_vn", "K", "KH_vn", "KW_vn", "L", "M", "N", "NG", "NG_vn", "NH_vn", "OO_vn", "OW_vn", "OZ_vn", "O_vn", "P", "S", "S_vn", "T", "TH_vn", "TR_vn", "T_vn", "UO_vn", "UW1", "UW_vn", "UZ_vn", "V", "WA_vn", "WO_vn", "WU_vn", "Y", "YZ_vn", "Z", "u"], "graphemes": ["\u1eb5", "\u1ef9", "\u1ea9", "\u1edb", "\u1eb3", "\u1ebd", "\u00e1", "\u0169", "\u00e8", "m", "p", "l", "v", "\u1eb7", "\u00e3", "\u1ecd", "\u1ecb", "\u1eeb", "\u1ea5", "\u1ebf", "e", "c", "\u1ee5", "u", "\u00f3", "\u1ecf", "\u1ea3", "\u1eab", "\u00fa", "\u1ef7", "\u1ed1", "\u1ec5", "\u1ed7", "g", "\u1ee9", "\u1ec9", "\u00ec", "\u0129", "\u00ed", "b", "h", "\u1ef1", "\u1edf", "d", "\u1ea1", "\u1eef", "\u00e0", "r", "o", "\u00e2", "\u1ef5", "t", "\u1eb1", "n", "\u0111", "\u1ed3", "\u00f5", "i", "y", "a", "\u00ea", "\u1ed9", "\u1edd", "\u1ead", "\u1ee1", "\u01a1", "\u1ec1", "s", "\u00fd", "\u0103", "\u1ee3", "k", "\u01b0", "\u1ec7", "\u1eb9", "x", "\u1ed5", "\u00f9", "\u1ec3", "\u1ea7", "\u1eed", "\u1ebb", "\u1ee7", "\u00f2", "\u1eaf", "\u00f4", "\u00e9", "q", "\u1ef3"], "evaluation": {}, "training": {"num_words": 18057, "num_graphemes": 89, "num_phones": 53}}