{"phones": ["'", "1", "2", "3", "4", "5", "6", "a", "b", "bw", "c", "cw", "d", "dw", "e", "eo", "f", "fw", "g", "h", "hw", "i", "iə", "iɛ", "j", "jw", "k", "kw", "k͡p", "l", "lw", "m", "mw", "n", "nw", "o", "p", "s", "sw", "t", "tw", "tʃ", "tʰ", "tʰw", "u", "uə", "v", "vw", "w", "x", "xw", "z", "zw", "ă", "ŋ", "ŋw", "ŋ͡m", "ɔ", "ɛ", "ɛu", "ɣ", "ɣw", "ɤ", "ɤ̆", "ɯ", "ɯə", "ɲ", "ɲw", "ʂ", "ʂw", "ʈ", "ʈw", "ʐ", "ʐw", "ʷa", "ʷe", "ʷi", "ʷiu", "ʷiə", "ʷă", "ʷɛ", "ʷɤ̆"], "phone_mapping": {"<eps>": 0, "sil": 1, "spn": 2, "'": 3, "1": 4, "2": 5, "3": 6, "4": 7, "5": 8, "6": 9, "a": 10, "b": 11, "bw": 12, "c": 13, "cw": 14, "d": 15, "dw": 16, "e": 17, "eo": 18, "f": 19, "fw": 20, "g": 21, "h": 22, "hw": 23, "i": 24, "iə": 25, "iɛ": 26, "j": 27, "jw": 28, "k": 29, "kw": 30, "k͡p": 31, "l": 32, "lw": 33, "m": 34, "mw": 35, "n": 36, "nw": 37, "o": 38, "p": 39, "s": 40, "sw": 41, "t": 42, "tw": 43, "tʃ": 44, "tʰ": 45, "tʰw": 46, "u": 47, "uə": 48, "v": 49, "vw": 50, "w": 51, "x": 52, "xw": 53, "z": 54, "zw": 55, "ă": 56, "ŋ": 57, "ŋw": 58, "ŋ͡m": 59, "ɔ": 60, "ɛ": 61, "ɛu": 62, "ɣ": 63, "ɣw": 64, "ɤ": 65, "ɤ̆": 66, "ɯ": 67, "ɯə": 68, "ɲ": 69, "ɲw": 70, "ʂ": 71, "ʂw": 72, "ʈ": 73, "ʈw": 74, "ʐ": 75, "ʐw": 76, "ʷa": 77, "ʷe": 78, "ʷi": 79, "ʷiu": 80, "ʷiə": 81, "ʷă": 82, "ʷɛ": 83, "ʷɤ̆": 84}, "phone_groups": {"'": ["'"], "1": ["1"], "2": ["2"], "3": ["3"], "4": ["4"], "5": ["5"], "6": ["6"], "a": ["a"], "b": ["b"], "bw": ["bw"], "c": ["c"], "cw": ["cw"], "d": ["d"], "dw": ["dw"], "e": ["e"], "eo": ["eo"], "f": ["f"], "fw": ["fw"], "g": ["g"], "h": ["h"], "hw": ["hw"], "i": ["i"], "iə": ["iə"], "iɛ": ["iɛ"], "j": ["j"], "jw": ["jw"], "k": ["k"], "kw": ["kw"], "k͡p": ["k͡p"], "l": ["l"], "lw": ["lw"], "m": ["m"], "mw": ["mw"], "n": ["n"], "nw": ["nw"], "o": ["o"], "p": ["p"], "s": ["s"], "sw": ["sw"], "t": ["t"], "tw": ["tw"], "tʃ": ["tʃ"], "tʰ": ["tʰ"], "tʰw": ["tʰw"], "u": ["u"], "uə": ["uə"], "v": ["v"], "vw": ["vw"], "w": ["w"], "x": ["x"], "xw": ["xw"], "z": ["z"], "zw": ["zw"], "ă": ["ă"], "ŋ": ["ŋ"], "ŋw": ["ŋw"], "ŋ͡m": ["ŋ͡m"], "ɔ": ["ɔ"], "ɛ": ["ɛ"], "ɛu": ["ɛu"], "ɣ": ["ɣ"], "ɣw": ["ɣw"], "ɤ": ["ɤ"], "ɤ̆": ["ɤ̆"], "ɯ": ["ɯ"], "ɯə": ["ɯə"], "ɲ": ["ɲ"], "ɲw": ["ɲw"], "ʂ": ["ʂ"], "ʂw": ["ʂw"], "ʈ": ["ʈ"], "ʈw": ["ʈw"], "ʐ": ["ʐ"], "ʐw": ["ʐw"], "ʷa": ["ʷa"], "ʷe": ["ʷe"], "ʷi": ["ʷi"], "ʷiu": ["ʷiu"], "ʷiə": ["ʷiə"], "ʷă": ["ʷă"], "ʷɛ": ["ʷɛ"], "ʷɤ̆": ["ʷɤ̆"]}, "version": "3.0.0a7", "architecture": "gmm-hmm", "train_date": "2023-10-23 15:38:50.996833", "training": {"audio_duration": 15.139410430839002, "num_speakers": 1, "num_utterances": 5, "num_oovs": 0, "average_log_likelihood": -0.28112023001484476}, "dictionaries": {"names": ["viIPA"], "default": "viIPA", "silence_word": "<eps>", "use_g2p": false, "oov_word": "<unk>", "bracketed_word": "[bracketed]", "laughter_word": "[laughter]", "clitic_marker": "'", "position_dependent_phones": false}, "language": "unknown", "features": {"type": "mfcc", "use_energy": false, "frame_shift": 10, "frame_length": 25, "snip_edges": true, "low_frequency": 20, "high_frequency": 7800, "sample_frequency": 16000, "dither": 1, "energy_floor": 0, "num_coefficients": 13, "num_mel_bins": 23, "cepstral_lifter": 22, "preemphasis_coefficient": 0.97, "uses_cmvn": true, "uses_deltas": true, "uses_voiced": false, "uses_splices": false, "uses_speaker_adaptation": true, "use_pitch": false, "use_voicing": false, "min_f0": 50, "max_f0": 800, "delta_pitch": 0.005, "penalty_factor": 0.1, "silence_weight": 0.0, "splice_left_context": 3, "splice_right_context": 3}, "oov_phone": "spn", "optional_silence_phone": "sil", "phone_set_type": "UNKNOWN", "silence_probability": 0.3, "initial_silence_probability": 0.3, "final_silence_correction": 0.99, "final_non_silence_correction": 0.77}