{"phones": ["0", "1", "2", "3", "4", "5", "AA_vn", "AE1", "AO1", "AW_vn", "B", "CH_vn", "D", "EE_vn", "EH1", "F", "G_vn", "HH", "IE_vn", "IY1", "IZ_vn", "K", "KH_vn", "KW_vn", "L", "M", "N", "NG", "NG_vn", "NH_vn", "OO_vn", "OW_vn", "OZ_vn", "O_vn", "P", "S", "S_vn", "T", "TH_vn", "TR_vn", "T_vn", "UO_vn", "UW1", "UW_vn", "UZ_vn", "V", "WA_vn", "WO_vn", "WU_vn", "Y", "YZ_vn", "Z", "u"], "phone_mapping": {"<eps>": 0, "sil": 1, "spn": 2, "0": 3, "1": 4, "2": 5, "3": 6, "4": 7, "5": 8, "AA_vn": 9, "AE1": 10, "AO1": 11, "AW_vn": 12, "B": 13, "CH_vn": 14, "D": 15, "EE_vn": 16, "EH1": 17, "F": 18, "G_vn": 19, "HH": 20, "IE_vn": 21, "IY1": 22, "IZ_vn": 23, "K": 24, "KH_vn": 25, "KW_vn": 26, "L": 27, "M": 28, "N": 29, "NG": 30, "NG_vn": 31, "NH_vn": 32, "OO_vn": 33, "OW_vn": 34, "OZ_vn": 35, "O_vn": 36, "P": 37, "S": 38, "S_vn": 39, "T": 40, "TH_vn": 41, "TR_vn": 42, "T_vn": 43, "UO_vn": 44, "UW1": 45, "UW_vn": 46, "UZ_vn": 47, "V": 48, "WA_vn": 49, "WO_vn": 50, "WU_vn": 51, "Y": 52, "YZ_vn": 53, "Z": 54, "u": 55}, "phone_groups": {"0": ["0"], "1": ["1"], "2": ["2"], "3": ["3"], "4": ["4"], "5": ["5"], "AA_vn": ["AA_vn"], "AE1": ["AE1"], "AO1": ["AO1"], "AW_vn": ["AW_vn"], "B": ["B"], "CH_vn": ["CH_vn"], "D": ["D"], "EE_vn": ["EE_vn"], "EH1": ["EH1"], "F": ["F"], "G_vn": ["G_vn"], "HH": ["HH"], "IE_vn": ["IE_vn"], "IY1": ["IY1"], "IZ_vn": ["IZ_vn"], "K": ["K"], "KH_vn": ["KH_vn"], "KW_vn": ["KW_vn"], "L": ["L"], "M": ["M"], "N": ["N"], "NG": ["NG"], "NG_vn": ["NG_vn"], "NH_vn": ["NH_vn"], "OO_vn": ["OO_vn"], "OW_vn": ["OW_vn"], "OZ_vn": ["OZ_vn"], "O_vn": ["O_vn"], "P": ["P"], "S": ["S"], "S_vn": ["S_vn"], "T": ["T"], "TH_vn": ["TH_vn"], "TR_vn": ["TR_vn"], "T_vn": ["T_vn"], "UO_vn": ["UO_vn"], "UW1": ["UW1"], "UW_vn": ["UW_vn"], "UZ_vn": ["UZ_vn"], "V": ["V"], "WA_vn": ["WA_vn"], "WO_vn": ["WO_vn"], "WU_vn": ["WU_vn"], "Y": ["Y"], "YZ_vn": ["YZ_vn"], "Z": ["Z"], "u": ["u"]}, "version": "3.0.0a7", "architecture": "gmm-hmm", "train_date": "2023-10-23 15:56:58.066441", "training": {"audio_duration": 22.105396825396824, "num_speakers": 1, "num_utterances": 6, "num_oovs": 0, "average_log_likelihood": -0.2574836299315586}, "dictionaries": {"names": ["viARPAbet"], "default": "viARPAbet", "silence_word": "<eps>", "use_g2p": false, "oov_word": "<unk>", "bracketed_word": "[bracketed]", "laughter_word": "[laughter]", "clitic_marker": "'", "position_dependent_phones": false}, "language": "unknown", "features": {"type": "mfcc", "use_energy": false, "frame_shift": 10, "frame_length": 25, "snip_edges": true, "low_frequency": 20, "high_frequency": 7800, "sample_frequency": 16000, "dither": 1, "energy_floor": 0, "num_coefficients": 13, "num_mel_bins": 23, "cepstral_lifter": 22, "preemphasis_coefficient": 0.97, "uses_cmvn": true, "uses_deltas": true, "uses_voiced": false, "uses_splices": false, "uses_speaker_adaptation": true, "use_pitch": true, "use_voicing": false, "min_f0": 50, "max_f0": 800, "delta_pitch": 0.005, "penalty_factor": 0.1, "silence_weight": 0.0, "splice_left_context": 3, "splice_right_context": 3}, "oov_phone": "spn", "optional_silence_phone": "sil", "phone_set_type": "UNKNOWN", "silence_probability": 0.31, "initial_silence_probability": 0.31, "final_silence_correction": 0.99, "final_non_silence_correction": 0.68}