{"version": "3.0.0a7", "architecture": "pynini", "train_date": "2023-10-23 13:30:44.037436", "phones": ["'", "1", "2", "3", "4", "5", "6", "a", "b", "bw", "c", "cw", "d", "dw", "e", "eo", "f", "fw", "g", "h", "hw", "i", "i\u0259", "i\u025b", "j", "jw", "k", "kw", "k\u0361p", "l", "lw", "m", "mw", "n", "nw", "o", "p", "s", "sw", "t", "tw", "t\u0283", "t\u02b0", "t\u02b0w", "u", "u\u0259", "v", "vw", "w", "x", "xw", "z", "zw", "\u0103", "\u014b", "\u014bw", "\u014b\u0361m", "\u0254", "\u025b", "\u025bu", "\u0263", "\u0263w", "\u0264", "\u0264\u0306", "\u026f", "\u026f\u0259", "\u0272", "\u0272w", "\u0282", "\u0282w", "\u0288", "\u0288w", "\u0290", "\u0290w", "\u02b7a", "\u02b7e", "\u02b7i", "\u02b7iu", "\u02b7i\u0259", "\u02b7\u0103", "\u02b7\u025b", "\u02b7\u0264\u0306"], "graphemes": ["\u1edf", "\u0111", "\u1eb3", "a", "\u00ed", "\u00e1", "g", "k", "\u1eab", "\u00ea", "\u1ea9", "\u1edd", "\u1ed1", "l", "n", "m", "\u1ec3", "\u00f3", "\u0129", "\u00e3", "\u1ee5", "\u00f9", "\u01a1", "\u00f2", "\u1eb1", "\u1ed3", "\u1ef9", "\u1eb9", "h", "\u1ecf", "\u1ecb", "\u1edb", "\u1ef3", "\u1ea1", "\u00f4", "\u1ebd", "i", "\u1ef7", "\u1ead", "\u1ec9", "\u1ea3", "\u1ef1", "o", "\u00ec", "u", "\u1ed7", "\u00e8", "t", "\u1ebb", "\u1ed9", "d", "\u1ee1", "\u00fd", "\u1ee9", "\u0169", "\u1eb5", "\u00f5", "\u1ec1", "\u1ee3", "x", "v", "c", "\u00e0", "\u1ecd", "\u1ebf", "p", "\u00e2", "\u0103", "\u1eeb", "\u1eb7", "b", "\u1eed", "\u1ef5", "\u01b0", "\u1eaf", "\u1ec7", "r", "\u1ea7", "\u1ed5", "\u1ec5", "\u1ee7", "e", "\u00fa", "y", "\u1ea5", "\u00e9", "q", "s", "\u1eef"], "evaluation": {}, "training": {"num_words": 7693, "num_graphemes": 89, "num_phones": 82}}